{
    "Ar36": {
        "error": 0.001157225465764356, 
        "filter_outliers_dict": {
            "filter_outliers": true, 
            "iterations": 2, 
            "std_devs": 2
        }, 
        "fit": "Parabolic", 
        "value": 0.24909036720895975
    }, 
    "Ar37": {
        "error": 0.012666689514741595, 
        "filter_outliers_dict": {
            "filter_outliers": true, 
            "iterations": 2, 
            "std_devs": 2
        }, 
        "fit": "linear", 
        "value": -0.054755520617991146
    }, 
    "Ar38": {
        "error": 0.013032240195671604, 
        "filter_outliers_dict": {
            "filter_outliers": true, 
            "iterations": 2, 
            "std_devs": 2
        }, 
        "fit": "linear", 
        "value": 0.29699583137211166
    }, 
    "Ar39": {
        "error": 0.025498345313781697, 
        "filter_outliers_dict": {
            "filter_outliers": true, 
            "iterations": 2, 
            "std_devs": 2
        }, 
        "fit": "Parabolic", 
        "value": 29.569272169672367
    }, 
    "Ar40": {
        "error": 0.029403921079791652, 
        "filter_outliers_dict": {
            "filter_outliers": true, 
            "iterations": 2, 
            "std_devs": 2
        }, 
        "fit": "Parabolic", 
        "value": 124.71946609394774
    }
}