{
    "Ar36": {
        "error": 0.0007691560094826477, 
        "filter_outliers_dict": {
            "filter_outliers": true, 
            "iterations": 2, 
            "std_devs": 2
        }, 
        "fit": "Parabolic", 
        "value": 0.11511415912616206
    }, 
    "Ar37": {
        "error": 0.011364856178212191, 
        "filter_outliers_dict": {
            "filter_outliers": true, 
            "iterations": 2, 
            "std_devs": 2
        }, 
        "fit": "linear", 
        "value": -0.6033149629762633
    }, 
    "Ar38": {
        "error": 0.01373238923966731, 
        "filter_outliers_dict": {
            "filter_outliers": true, 
            "iterations": 2, 
            "std_devs": 2
        }, 
        "fit": "linear", 
        "value": 0.28141985101469946
    }, 
    "Ar39": {
        "error": 0.024953622753227593, 
        "filter_outliers_dict": {
            "filter_outliers": true, 
            "iterations": 2, 
            "std_devs": 2
        }, 
        "fit": "Parabolic", 
        "value": 30.713726160680004
    }, 
    "Ar40": {
        "error": 0.024658151040409255, 
        "filter_outliers_dict": {
            "filter_outliers": true, 
            "iterations": 2, 
            "std_devs": 2
        }, 
        "fit": "Parabolic", 
        "value": 76.13926776113462
    }
}