{
    "Ar36": {
        "error": 0.0006873488627984802, 
        "filter_outliers_dict": {
            "filter_outliers": true, 
            "iterations": 2, 
            "std_devs": 2
        }, 
        "fit": "Parabolic", 
        "value": 0.11082766982322187
    }, 
    "Ar37": {
        "error": 0.01114789501960666, 
        "filter_outliers_dict": {
            "filter_outliers": true, 
            "iterations": 2, 
            "std_devs": 2
        }, 
        "fit": "linear", 
        "value": -0.07331605256893023
    }, 
    "Ar38": {
        "error": 0.013550994286370965, 
        "filter_outliers_dict": {
            "filter_outliers": true, 
            "iterations": 2, 
            "std_devs": 2
        }, 
        "fit": "linear", 
        "value": 0.1422076560260809
    }, 
    "Ar39": {
        "error": 0.02410349015764579, 
        "filter_outliers_dict": {
            "filter_outliers": true, 
            "iterations": 2, 
            "std_devs": 2
        }, 
        "fit": "Parabolic", 
        "value": 7.603535557553553
    }, 
    "Ar40": {
        "error": 0.020953169964011156, 
        "filter_outliers_dict": {
            "filter_outliers": true, 
            "iterations": 2, 
            "std_devs": 2
        }, 
        "fit": "Parabolic", 
        "value": 43.27548266850695
    }
}