{
    "Ar36": {
        "error": 0.0005861047032972623, 
        "filter_outliers_dict": {
            "filter_outliers": true, 
            "iterations": 2, 
            "std_devs": 2
        }, 
        "fit": "Parabolic", 
        "value": 0.060439878545839695
    }, 
    "Ar37": {
        "error": 0.012737794707998698, 
        "filter_outliers_dict": {
            "filter_outliers": true, 
            "iterations": 2, 
            "std_devs": 2
        }, 
        "fit": "linear", 
        "value": -0.6271182194233305
    }, 
    "Ar38": {
        "error": 0.01343836299201412, 
        "filter_outliers_dict": {
            "filter_outliers": true, 
            "iterations": 2, 
            "std_devs": 2
        }, 
        "fit": "linear", 
        "value": 0.1828840488713485
    }, 
    "Ar39": {
        "error": 0.025140366277146352, 
        "filter_outliers_dict": {
            "filter_outliers": true, 
            "iterations": 2, 
            "std_devs": 2
        }, 
        "fit": "Parabolic", 
        "value": 22.431278339127246
    }, 
    "Ar40": {
        "error": 0.025749968444475017, 
        "filter_outliers_dict": {
            "filter_outliers": true, 
            "iterations": 2, 
            "std_devs": 2
        }, 
        "fit": "Parabolic", 
        "value": 40.191463898203
    }
}