{
    "Ar36": {
        "error": 0.0006875206557464308, 
        "filter_outliers_dict": {
            "filter_outliers": true, 
            "iterations": 2, 
            "std_devs": 2
        }, 
        "fit": "Parabolic", 
        "value": 0.12274459025156761
    }, 
    "Ar37": {
        "error": 0.011705920148694588, 
        "filter_outliers_dict": {
            "filter_outliers": true, 
            "iterations": 2, 
            "std_devs": 2
        }, 
        "fit": "linear", 
        "value": -0.5530150477208079
    }, 
    "Ar38": {
        "error": 0.013300583203435037, 
        "filter_outliers_dict": {
            "filter_outliers": true, 
            "iterations": 2, 
            "std_devs": 2
        }, 
        "fit": "linear", 
        "value": 0.43749870454251405
    }, 
    "Ar39": {
        "error": 0.026236373669796267, 
        "filter_outliers_dict": {
            "filter_outliers": true, 
            "iterations": 2, 
            "std_devs": 2
        }, 
        "fit": "Parabolic", 
        "value": 40.13101414039839
    }, 
    "Ar40": {
        "error": 0.026165066992319568, 
        "filter_outliers_dict": {
            "filter_outliers": true, 
            "iterations": 2, 
            "std_devs": 2
        }, 
        "fit": "Parabolic", 
        "value": 75.51509688598708
    }
}