{
    "Ar36": {
        "error": 0.0007222602253483998, 
        "filter_outliers_dict": {
            "filter_outliers": true, 
            "iterations": 2, 
            "std_devs": 2
        }, 
        "fit": "Parabolic", 
        "value": 0.1082163394226037
    }, 
    "Ar37": {
        "error": 0.012295387292996377, 
        "filter_outliers_dict": {
            "filter_outliers": true, 
            "iterations": 2, 
            "std_devs": 2
        }, 
        "fit": "linear", 
        "value": -0.42172016883955654
    }, 
    "Ar38": {
        "error": 0.012840050625159527, 
        "filter_outliers_dict": {
            "filter_outliers": true, 
            "iterations": 2, 
            "std_devs": 2
        }, 
        "fit": "linear", 
        "value": 0.12841904658196768
    }, 
    "Ar39": {
        "error": 0.024653100467859814, 
        "filter_outliers_dict": {
            "filter_outliers": true, 
            "iterations": 2, 
            "std_devs": 2
        }, 
        "fit": "Parabolic", 
        "value": 13.765652185965337
    }, 
    "Ar40": {
        "error": 0.03064863953679657, 
        "filter_outliers_dict": {
            "filter_outliers": true, 
            "iterations": 2, 
            "std_devs": 2
        }, 
        "fit": "Parabolic", 
        "value": 120.99119750854587
    }
}