{
    "Ar36": {
        "error": 0.0005190254802633692, 
        "filter_outliers_dict": {
            "filter_outliers": true, 
            "iterations": 2, 
            "std_devs": 2
        }, 
        "fit": "Parabolic", 
        "value": 0.02802819186322831
    }, 
    "Ar37": {
        "error": 0.011684010628809768, 
        "filter_outliers_dict": {
            "filter_outliers": true, 
            "iterations": 2, 
            "std_devs": 2
        }, 
        "fit": "linear", 
        "value": -0.031300115256058074
    }, 
    "Ar38": {
        "error": 0.013252493777182742, 
        "filter_outliers_dict": {
            "filter_outliers": true, 
            "iterations": 2, 
            "std_devs": 2
        }, 
        "fit": "linear", 
        "value": 0.9944303517334822
    }, 
    "Ar39": {
        "error": 0.02780293677339568, 
        "filter_outliers_dict": {
            "filter_outliers": true, 
            "iterations": 2, 
            "std_devs": 2
        }, 
        "fit": "Parabolic", 
        "value": 84.24795489336393
    }, 
    "Ar40": {
        "error": 0.09658232067039652, 
        "filter_outliers_dict": {
            "filter_outliers": true, 
            "iterations": 2, 
            "std_devs": 2
        }, 
        "fit": "Parabolic", 
        "value": 1762.6218710960648
    }
}