{
    "Ar36": {
        "error": 0.0003821789877281884, 
        "filter_outliers_dict": {
            "filter_outliers": true, 
            "iterations": 2, 
            "std_devs": 2
        }, 
        "fit": "Parabolic", 
        "value": 0.02413833782592735
    }, 
    "Ar37": {
        "error": 0.011879751667743781, 
        "filter_outliers_dict": {
            "filter_outliers": true, 
            "iterations": 2, 
            "std_devs": 2
        }, 
        "fit": "linear", 
        "value": -0.1799396344155454
    }, 
    "Ar38": {
        "error": 0.01198404395162208, 
        "filter_outliers_dict": {
            "filter_outliers": true, 
            "iterations": 2, 
            "std_devs": 2
        }, 
        "fit": "linear", 
        "value": 0.12069747863517086
    }, 
    "Ar39": {
        "error": 0.024563625085727174, 
        "filter_outliers_dict": {
            "filter_outliers": true, 
            "iterations": 2, 
            "std_devs": 2
        }, 
        "fit": "Parabolic", 
        "value": 18.235464765330015
    }, 
    "Ar40": {
        "error": 0.04178127947644523, 
        "filter_outliers_dict": {
            "filter_outliers": true, 
            "iterations": 2, 
            "std_devs": 2
        }, 
        "fit": "Parabolic", 
        "value": 375.80981487800955
    }
}