{
    "Ar36": {
        "error": 0.0007969349973098201, 
        "filter_outliers_dict": {
            "filter_outliers": true, 
            "iterations": 2, 
            "std_devs": 2
        }, 
        "fit": "Parabolic", 
        "value": 0.11816746302181033
    }, 
    "Ar37": {
        "error": 0.010622819014918503, 
        "filter_outliers_dict": {
            "filter_outliers": true, 
            "iterations": 2, 
            "std_devs": 2
        }, 
        "fit": "linear", 
        "value": -0.5784546369783665
    }, 
    "Ar38": {
        "error": 0.013532656758163022, 
        "filter_outliers_dict": {
            "filter_outliers": true, 
            "iterations": 2, 
            "std_devs": 2
        }, 
        "fit": "linear", 
        "value": 1.0177073999674984
    }, 
    "Ar39": {
        "error": 0.026031905391635028, 
        "filter_outliers_dict": {
            "filter_outliers": true, 
            "iterations": 2, 
            "std_devs": 2
        }, 
        "fit": "Parabolic", 
        "value": 43.24142176713148
    }, 
    "Ar40": {
        "error": 0.04607518837679164, 
        "filter_outliers_dict": {
            "filter_outliers": true, 
            "iterations": 2, 
            "std_devs": 2
        }, 
        "fit": "Parabolic", 
        "value": 540.4327015191886
    }
}